"ID","Type","SKU","Name","Published","Is featured?","Visibility in catalog","Short description","Description","Tax status","Tax class","In stock?","Stock","Regular price","Sale price","Categories","Tags","Images","Attribute 1 name","Attribute 1 value(s)","Attribute 1 visible","Attribute 1 global","Attribute 2 name","Attribute 2 value(s)","Attribute 2 visible","Attribute 2 global"
"101","variable","ROBA-SET-4P","ROBA Denizli Premium Handtuch-Set (4-teilig)","1","1","visible","Vierteiliges Luxus-Handtuchset aus 100% gekämmter ägäischer Denizli-Baumwolle. 600 g/m² für höchste Saugfähigkeit und unvergleichliche Weichheit.","Tauchen Sie ein in das Gefühl eines 5-Sterne-Boutique-Hotels. Das ROBA Vienna Handtuch-Set wird traditionell im weltberühmten Textilzentrum Denizli gewebt. Dank der langstapeligen ägäischen Baumwolle bleiben die Handtücher auch nach zahlreichen Wäschen außergewöhnlich flauschig und saugfähig.<br><br><strong>Produktdetails:</strong><br>- Set-Inhalt: 4x Handtücher (50 x 100 cm)<br>- Grammatur: 600 g/m² (Luxusqualität)<br>- Material: 100% reine ägäische Baumwolle<br>- Zertifizierung: OEKO-TEX® Standard 100<br>- Pflege: Maschinenwäsche bis 60°C, trocknergeeignet","taxable","standard","1","","","","Badtextilien > Handtuch-Sets, Neuheiten","Denizli Baumwolle, Luxus Handtuch, 600 GSM, Hotelqualität","","Farbe","Sandbeige, Warmes Creme, Anthrazit","1","1","Größe","50x100 cm (4er Set)","1","1"
"102","variation","ROBA-SET-4P-BG","ROBA Denizli Premium Handtuch-Set (4-teilig) - Sandbeige","1","0","visible","","","taxable","parent","1","45","49.90","","","","","Farbe","Sandbeige","","1","Größe","50x100 cm (4er Set)","","1"
"103","variation","ROBA-SET-4P-CR","ROBA Denizli Premium Handtuch-Set (4-teilig) - Warmes Creme","1","0","visible","","","taxable","parent","1","38","49.90","","","","","Farbe","Warmes Creme","","1","Größe","50x100 cm (4er Set)","","1"
"104","variation","ROBA-SET-4P-AT","ROBA Denizli Premium Handtuch-Set (4-teilig) - Anthrazit","1","0","visible","","","taxable","parent","1","30","49.90","","","","","Farbe","Anthrazit","","1","Größe","50x100 cm (4er Set)","","1"
"105","variable","ROBA-BATH-1P","ROBA Denizli Luxus Duschtuch & Badetuch (70x140 cm)","1","1","visible","Großzügiges Badetuch für den täglichen Verwöhnmoment. 600 GSM Dichte für schnelles Trocknen und sanftes Hautgefühl.","Unser ROBA Vienna Duschtuch vereint zeitlose Wiener Eleganz mit traditioneller türkischer Webkunst aus Denizli.<br><br><strong>Produktdetails:</strong><br>- Maße: 70 x 140 cm<br>- Grammatur: 600 g/m²<br>- 100% ägäische Premium-Baumwolle<br>- OEKO-TEX® Standard 100 zertifiziert","taxable","standard","1","","","","Badtextilien > Duschtücher","Duschtuch, Denizli, Badtextilien","","Farbe","Sandbeige, Warmes Creme, Anthrazit","1","1","Größe","70x140 cm","1","1"
"106","variation","ROBA-BATH-BG","ROBA Denizli Luxus Duschtuch - Sandbeige","1","0","visible","","","taxable","parent","1","50","24.90","","","","","Farbe","Sandbeige","","1","Größe","70x140 cm","","1"
"107","variation","ROBA-BATH-CR","ROBA Denizli Luxus Duschtuch - Warmes Creme","1","0","visible","","","taxable","parent","1","40","24.90","","","","","Farbe","Warmes Creme","","1","Größe","70x140 cm","","1"
"108","variation","ROBA-BATH-AT","ROBA Denizli Luxus Duschtuch - Anthrazit","1","0","visible","","","taxable","parent","1","35","24.90","","","","","Farbe","Anthrazit","","1","Größe","70x140 cm","","1"
"109","simple","ROBA-FAMILY-6P","ROBA Denizli Meister-Kollektion Komplettset (6-teilig)","1","1","visible","Das ultimative Badezimmer-Set: 2x Gästehandtücher (30x50 cm), 2x Handtücher (50x100 cm) und 2x Duschtücher (70x140 cm).","Verleihen Sie Ihrem Zuhause harmonische Eleganz. Das 6-teilige ROBA Meisterset bietet die ideale Grundausstattung für anspruchsvolle Haushalte.<br><br><strong>Inhalt des Sets:</strong><br>- 2x Gästehandtücher (30 x 50 cm)<br>- 2x Handtücher (50 x 100 cm)<br>- 2x Duschtücher (70 x 140 cm)<br>- Herkunft: Denizli, Türkei<br>- Grammatur: 600 g/m²<br>- 100% OEKO-TEX zertifizierte Baumwolle","taxable","standard","1","25","89.90","79.90","Badtextilien > Handtuch-Sets, Bestseller","Komplettset, Denizli Baumwolle, Geschenkset, Lüks Havlu","","Farbe","Sandbeige","1","0","Größe","6-teiliges Set","1","0"
